"","time","particle","mass","x","y","z","vx","vy","vz","px","py","pz","ke","pe","te"
"1",0,"m1",1,1,0,0,0,0,0,0,0,0,0,0,0
"21",0.1,"m1",1,0.998546,0,-0.053915,-0.048058,0,-0.979225,-0.048058,0,-0.979225,0.4805955859945,-0.52890615,-0.0483105640054999
"41",0.2,"m1",1,0.978966,0,-0.204022,-0.378992,0,-1.911609,-0.378992,0,-1.911609,1.8989419524725,-2.00145582,-0.102513867527501
"61",0.3,"m1",1,0.899916,0,-0.436063,-1.209862,0,-2.590563,-1.209862,0,-2.590563,4.0873913580065,-4.27777803,-0.1903866719935
"81",0.4,"m1",1,0.710532,0,-0.703665,-2.497416,0,-2.614682,-2.497416,0,-2.614682,6.53682431909,-6.90295365,-0.366129330910001
"101",0.5,"m1",1,0.389129,0,-0.921183,-3.73511,0,-1.668631,-3.73511,0,-1.668631,8.3676880631305,-9.03680523,-0.6691171668695
"121",0.6,"m1",1,-0.017906,0,-0.99984,-4.183728,0,-0.012605,-4.183728,0,-0.012605,8.7518694320045,-9.8084304,-1.0565609679955
"141",0.7,"m1",1,-0.410259,0,-0.911969,-3.570261,0,1.523506,-3.570261,0,1.523506,7.5339170700785,-8.94641589,-1.4124988199215
"161",0.8,"m1",1,-0.702641,0,-0.711545,-2.359944,0,2.255528,-2.359944,0,2.255528,5.32837112096,-6.98025645,-1.65188532904
"181",0.9,"m1",1,-0.873286,0,-0.487208,-1.219596,0,2.124455,-1.219596,0,2.124455,3.0003617251205,-4.77951048,-1.7791487548795
"201",1,"m1",1,-0.951218,0,-0.308518,-0.48529,0,1.45797,-0.48529,0,1.45797,1.1805914525,-3.02656158,-1.8459701275
"221",1.1,"m1",1,-0.977582,0,-0.210557,-0.124847,0,0.571516,-0.124847,0,0.571516,0.1711086558325,-2.06556417,-1.8944555141675
"241",1.2,"m1",1,-0.978752,0,-0.205049,0.076458,0,-0.368406,0.076458,0,-0.368406,0.0707844033,-2.01153069,-1.9407462867
"261",1.3,"m1",1,-0.95634,0,-0.292258,0.379132,0,-1.270695,0.379132,0,-1.270695,0.8792034282245,-2.86705098,-1.9878475517755
"281",1.4,"m1",1,-0.887292,0,-0.461209,1.004722,0,-1.986655,1.004722,0,-1.986655,2.4781321931545,-4.52446029,-2.0463280968455
"301",1.5,"m1",1,-0.734289,0,-0.678837,2.005897,0,-2.236218,2.005897,0,-2.236218,4.5121468590665,-6.65939097,-2.1472441109335
"321",1.6,"m1",1,-0.471982,0,-0.881608,3.104406,0,-1.733695,3.104406,0,-1.733695,6.3215174829305,-8.64857448,-2.3270569970695
"341",1.7,"m1",1,-0.120176,0,-0.992753,3.746626,0,-0.525632,3.746626,0,-0.525632,7.15674769165,-9.73890693,-2.58215923835
"361",1.8,"m1",1,0.250621,0,-0.968085,3.546264,0,0.849387,3.546264,0,0.849387,6.6487233167325,-9.49691385,-2.8481905332675
"381",1.9,"m1",1,0.560472,0,-0.828174,2.665904,0,1.742919,2.665904,0,1.742919,5.0724053888885,-8.12438694,-3.0519815511115
"401",2,"m1",1,0.768684,0,-0.639629,1.616812,0,1.894535,1.616812,0,1.894535,3.1016719547845,-6.27476049,-3.1730885352155
"421",2.1,"m1",1,0.882386,0,-0.470526,0.792792,0,1.457486,0.792792,0,1.457486,1.37639229773,-4.61586006,-3.23946776227
"441",2.2,"m1",1,0.931228,0,-0.364436,0.28006,0,0.707678,0.28006,0,0.707678,0.289620877642,-3.57511716,-3.285496282358
"461",2.3,"m1",1,0.940218,0,-0.340572,-0.054388,0,-0.150524,-0.054388,0,-0.150524,0.01280776456,-3.34101132,-3.32820355544
"481",2.4,"m1",1,0.91556,0,-0.402182,-0.425789,0,-0.983584,-0.425789,0,-0.983584,0.5743668787885,-3.94540542,-3.3710385412115
"501",2.5,"m1",1,0.842417,0,-0.538825,-1.025146,0,-1.637377,-1.025146,0,-1.637377,1.8659638807225,-5.28587325,-3.4199093692775
"521",2.6,"m1",1,0.693611,0,-0.72035,-1.900239,0,-1.879282,-1.900239,0,-1.879282,3.5713045463225,-7.0666335,-3.4953289536775
"541",2.7,"m1",1,0.451004,0,-0.892522,-2.835888,0,-1.490513,-2.835888,0,-1.490513,5.1319448758565,-8.75564082,-3.6236959441435
"561",2.8,"m1",1,0.131408,0,-0.991328,-3.402497,0,-0.510734,-3.402497,0,-0.510734,5.9189175268825,-9.72492768,-3.8060101531175
"581",2.9,"m1",1,-0.208218,0,-0.978082,-3.282836,0,0.641667,-3.282836,0,0.641667,5.5943743708925,-9.59498442,-4.0006100491075
"601",3,"m1",1,-0.500779,0,-0.865575,-2.570392,0,1.437006,-2.570392,0,1.437006,4.33595063885,-8.49129075,-4.15534011115
"621",3.1,"m1",1,-0.707467,0,-0.706746,-1.655429,0,1.619183,-1.655429,0,1.619183,2.681099380765,-6.93317826,-4.252078879235
"641",3.2,"m1",1,-0.828166,0,-0.560483,-0.87442,0,1.270808,-0.87442,0,1.270808,1.189781654632,-5.49833823,-4.308556575368
"661",3.3,"m1",1,-0.883753,0,-0.467955,-0.326971,0,0.612349,-0.326971,0,0.612349,0.240940666321,-4.59063855,-4.349697883679
"681",3.4,"m1",1,-0.893528,0,-0.449007,0.081296,0,-0.162147,0.081296,0,-0.162147,0.0164503446125,-4.40475867,-4.3883083253875
"701",3.5,"m1",1,-0.862033,0,-0.506851,0.524562,0,-0.902912,0.524562,0,-0.902912,0.545207685794,-4.97220831,-4.427000624206
"721",3.6,"m1",1,-0.77707,0,-0.629415,1.148579,0,-1.445094,1.148579,0,-1.445094,1.7037651940385,-6.17456115,-4.4707959559615
"741",3.7,"m1",1,-0.618633,0,-0.78568,1.959106,0,-1.582944,1.959106,0,-1.582944,3.171904013186,-7.7075208,-4.535616786814
"761",3.8,"m1",1,-0.378004,0,-0.925804,2.742512,0,-1.167749,2.742512,0,-1.167749,4.4425048985725,-9.08213724,-4.6396323414275
"781",3.9,"m1",1,-0.076969,0,-0.997033,3.148995,0,-0.293256,3.148995,0,-0.293256,5.0010842957805,-9.78089373,-4.7798094342195
"801",4,"m1",1,0.232736,0,-0.97254,2.965662,0,0.662233,2.965662,0,0.662233,4.6168518222665,-9.5406174,-4.9237655777335
"821",4.1,"m1",1,0.495864,0,-0.8684,2.309056,0,1.278383,2.309056,0,1.278383,3.4830013529125,-8.519004,-5.0360026470875
"841",4.2,"m1",1,0.682209,0,-0.731157,1.500048,0,1.371378,1.500048,0,1.371378,2.065410810594,-7.17265017,-5.107239359406
"861",4.3,"m1",1,0.792063,0,-0.610439,0.796102,0,1.019266,0.796102,0,1.019266,0.83634078658,-5.98840659,-5.15206580342
"881",4.4,"m1",1,0.841145,0,-0.540809,0.26312,0,0.40707,0.26312,0,0.40707,0.11746905965,-5.30533629,-5.18786723035
"901",4.5,"m1",1,0.842675,0,-0.538422,-0.185201,0,-0.29096,-0.185201,0,-0.29096,0.0594785660005,-5.28191982,-5.2224412539995
"921",4.6,"m1",1,0.79743,0,-0.603411,-0.689079,0,-0.921616,-0.689079,0,-0.921616,0.6621029598485,-5.91946191,-5.2573589501515
"941",4.7,"m1",1,0.693977,0,-0.719997,-1.340472,0,-1.316543,-1.340472,0,-1.316543,1.7650753268165,-7.06317057,-5.2980952431835
"961",4.8,"m1",1,0.518919,0,-0.854824,-2.087664,0,-1.30273,-2.087664,0,-1.30273,3.027723214898,-8.38582344,-5.358100225102
"981",4.9,"m1",1,0.273917,0,-0.961753,-2.704507,0,-0.811723,-2.704507,0,-0.811723,3.986626170889,-9.43479693,-5.448170759111
"1001",5,"m1",1,-0.012304,0,-0.999924,-2.915296,0,-0.006625,-2.915296,0,-0.006625,4.2494973291205,-9.80925444,-5.5597571108795
"1021",5.1,"m1",1,-0.29141,0,-0.956598,-2.619204,0,0.759024,-2.619204,0,0.759024,3.718173513096,-9.38422638,-5.666052866904
"1041",5.2,"m1",1,-0.519672,0,-0.854366,-1.97537,0,1.170673,-1.97537,0,1.170673,2.6362809549145,-8.38133046,-5.7450495050855
"1061",5.3,"m1",1,-0.677078,0,-0.735912,-1.251293,0,1.131913,-1.251293,0,1.131913,1.423480605709,-7.21929672,-5.795816114291
"1081",5.4,"m1",1,-0.766628,0,-0.642092,-0.62458,0,0.738435,-0.62458,0,0.738435,0.4676932128125,-6.29892252,-5.8312293071875
"1101",5.5,"m1",1,-0.800379,0,-0.599494,-0.11556,0,0.153973,-0.11556,0,0.153973,0.0185308991645,-5.88103614,-5.8625052408355
"1121",5.6,"m1",1,-0.785854,0,-0.618411,0.362666,0,-0.463664,0.362666,0,-0.463664,0.173255466226,-6.06661191,-5.893356443774
"1141",5.7,"m1",1,-0.720135,0,-0.693834,0.914785,0,-0.962165,0.914785,0,-0.962165,0.881296541725,-6.80651154,-5.925214998275
"1161",5.8,"m1",1,-0.593185,0,-0.805066,1.571447,0,-1.181879,1.571447,0,-1.181879,1.933141822225,-7.89769746,-5.964555637775
"1181",5.9,"m1",1,-0.399327,0,-0.916809,2.223066,0,-1.000697,2.223066,0,-1.000697,2.9717084630825,-8.99389629,-6.0221878269175
"1201",6,"m1",1,-0.150921,0,-0.988546,2.645384,0,-0.440247,2.645384,0,-0.440247,3.5959369642325,-9.69763626,-6.1016992957675
"1221",6.1,"m1",1,0.117676,0,-0.993052,2.6506,0,0.278329,2.6506,0,0.278329,3.5515736961205,-9.74184012,-6.1902664238795
"1241",6.2,"m1",1,0.363164,0,-0.931725,2.243735,0,0.843717,2.243735,0,0.843717,2.873102563157,-9.14022225,-6.267119686843
"1261",6.3,"m1",1,0.553641,0,-0.832756,1.611055,0,1.048888,1.611055,0,1.048888,1.8478321247845,-8.16933636,-6.3215042352155
"1281",6.4,"m1",1,0.678562,0,-0.734543,0.962233,0,0.877356,0.962233,0,0.877356,0.8478229485125,-7.20586683,-6.3580438814875
"1301",6.5,"m1",1,0.743087,0,-0.669195,0.400272,0,0.441815,0.400272,0,0.441815,0.1777090841045,-6.56480295,-6.3870938658955
"1321",6.6,"m1",1,0.755673,0,-0.654949,-0.093979,0,-0.10859,-0.093979,0,-0.10859,0.0103119202705,-6.42504969,-6.4147377697295
"1341",6.7,"m1",1,0.718819,0,-0.695197,-0.601386,0,-0.627252,-0.601386,0,-0.627252,0.37755509625,-6.81988257,-6.44232747375
"1361",6.8,"m1",1,0.627383,0,-0.778711,-1.182272,0,-0.967505,-1.182272,0,-0.967505,1.1669165035045,-7.63915491,-6.4722384064955
"1381",6.9,"m1",1,0.474891,0,-0.880045,-1.802676,0,-0.996871,-1.802676,0,-0.996871,2.1216962758085,-8.63324145,-6.5115451741915
"1401",7,"m1",1,0.264887,0,-0.964279,-2.31143,0,-0.664944,-2.31143,0,-0.664944,2.892429584018,-9.45957699,-6.567147405982
"1421",7.1,"m1",1,0.019296,0,-0.999814,-2.517492,0,-0.080313,-2.517492,0,-0.080313,3.1721080740165,-9.80817534,-6.6360672659835
"1441",7.2,"m1",1,-0.225443,0,-0.974256,-2.333599,0,0.510708,-2.333599,0,0.510708,2.8532534770325,-9.55745136,-6.7041978829675
"1461",7.3,"m1",1,-0.433816,0,-0.901002,-1.846939,0,0.866174,-1.846939,0,0.866174,2.0807205339985,-8.83882962,-6.7581090860015
"1481",7.4,"m1",1,-0.585405,0,-0.810741,-1.240461,0,0.881409,-1.240461,0,0.881409,1.157812658901,-7.95336921,-6.795556551099
"1501",7.5,"m1",1,-0.676927,0,-0.73605,-0.65882,0,0.600502,-0.65882,0,0.600502,0.397323222202,-7.2206505,-6.823327277798
"1521",7.6,"m1",1,-0.713955,0,-0.700191,-0.142282,0,0.144784,-0.142282,0,0.144784,0.02060328709,-6.86887371,-6.84827042291
"1541",7.7,"m1",1,-0.701106,0,-0.713057,0.351704,0,-0.347524,0.351704,0,-0.347524,0.122234317096,-6.99508917,-6.872854852904
"1561",7.8,"m1",1,-0.637169,0,-0.770724,0.88318,0,-0.738739,0.88318,0,-0.738739,0.6628711112605,-7.56080244,-6.8979313287395
"1581",7.9,"m1",1,-0.517344,0,-0.855777,1.458664,0,-0.898961,1.458664,0,-0.898961,1.4679157722085,-8.39517237,-6.9272565977915
"1601",8,"m1",1,-0.341382,0,-0.939925,1.987664,0,-0.745899,1.987664,0,-0.745899,2.2535867475485,-9.22066425,-6.9670775024515
"1621",8.1,"m1",1,-0.122518,0,-0.992466,2.309979,0,-0.312537,2.309979,0,-0.312537,2.716841178405,-9.73609146,-7.019250281595
"1641",8.2,"m1",1,0.110909,0,-0.993831,2.300771,0,0.229863,2.300771,0,0.229863,2.673192096605,-9.74948211,-7.076290013395
"1661",8.3,"m1",1,0.32496,0,-0.945728,1.968556,0,0.653665,1.968556,0,0.653665,2.1512453286805,-9.27759168,-7.1263463513195
"1681",8.4,"m1",1,0.493885,0,-0.869527,1.444254,0,0.804609,1.444254,0,0.804609,1.3666326296985,-8.53005987,-7.1634272403015
"1701",8.5,"m1",1,0.607042,0,-0.794669,0.878047,0,0.663116,0.878047,0,0.663116,0.6053446818325,-7.79570289,-7.1903582081675
"1721",8.6,"m1",1,0.665419,0,-0.74647,0.350433,0,0.310913,0.350433,0,0.310913,0.109735090529,-7.3228707,-7.213135609471
"1741",8.7,"m1",1,0.673246,0,-0.739419,-0.142225,0,-0.129748,-0.142225,0,-0.129748,0.0185312470645,-7.25370039,-7.2351691429355
"1761",8.8,"m1",1,0.631645,0,-0.775258,-0.644684,0,-0.529749,-0.644684,0,-0.529749,0.3481257314285,-7.60528098,-7.2571552485715
"1781",8.9,"m1",1,0.537927,0,-0.842991,-1.180188,0,-0.764829,-1.180188,0,-0.764829,0.9889035572925,-8.26974171,-7.2808381527075
"1801",9,"m1",1,0.390758,0,-0.920493,-1.700148,0,-0.740408,-1.700148,0,-0.740408,1.719353614184,-9.03003633,-7.310682715816
"1821",9.1,"m1",1,0.198007,0,-0.980201,-2.081896,0,-0.44367,-2.081896,0,-0.44367,2.265567011858,-9.61577181,-7.350204798142
"1841",9.2,"m1",1,-0.019034,0,-0.999819,-2.196167,0,0.017688,-2.196167,0,0.017688,2.4117311786165,-9.80822439,-7.3964932113835
"1861",9.3,"m1",1,-0.230333,0,-0.973112,-2.001577,0,0.452132,-2.001577,0,0.452132,2.1053669161765,-9.54622872,-7.4408618038235
"1881",9.4,"m1",1,-0.408427,0,-0.912791,-1.5755,0,0.68876,-1.5755,0,0.68876,1.4782952938,-8.95447971,-7.4761844162
"1901",9.5,"m1",1,-0.53743,0,-0.843308,-1.051087,0,0.660706,-1.051087,0,0.660706,0.7706581500025,-8.27285148,-7.5021933299975
"1921",9.6,"m1",1,-0.613571,0,-0.789639,-0.528841,0,0.408098,-0.528841,0,0.408098,0.2231083904425,-7.74635859,-7.5232501995575
"1941",9.7,"m1",1,-0.63921,0,-0.769032,-0.037072,0,0.030799,-0.037072,0,0.030799,0.0011614557925,-7.54420392,-7.5430424642075
"1961",9.8,"m1",1,-0.61632,0,-0.787496,0.448187,0,-0.352832,0.448187,0,-0.352832,0.1626810035965,-7.72533576,-7.5626547564035
"1981",9.9,"m1",1,-0.543928,0,-0.839132,0.952526,0,-0.625166,0.952526,0,-0.625166,0.649069154116,-8.23188492,-7.582815765884
"2001",10,"m1",1,-0.420835,0,-0.907137,1.453093,0,-0.688363,1.453093,0,-0.688363,1.292661443209,-8.89901397,-7.606352526791
"2021",10.1,"m1",1,-0.251862,0,-0.967763,1.860262,0,-0.503325,1.860262,0,-0.503325,1.8569553821345,-9.49375503,-7.6367996478655
"2041",10.2,"m1",1,-0.052905,0,-0.9986,2.056143,0,-0.130187,2.056143,0,-0.130187,2.122336345709,-9.796266,-7.673929654291
"2061",10.3,"m1",1,0.150471,0,-0.988614,1.973297,0,0.280252,1.973297,0,0.280252,1.9862211168565,-9.69830334,-7.7120822231435
"2081",10.4,"m1",1,0.331394,0,-0.943493,1.645123,0,0.56182,1.645123,0,0.56182,1.5110356987645,-9.25566633,-7.7446306312355
"2101",10.5,"m1",1,0.470865,0,-0.882205,1.177866,0,0.618638,1.177866,0,0.618638,0.8850406445,-8.65443105,-7.7693904055
"2121",10.6,"m1",1,0.561031,0,-0.827795,0.67606,0,0.454187,0.67606,0,0.454187,0.3316714772845,-8.12066895,-7.7889974727155
"2141",10.7,"m1",1,0.601739,0,-0.798693,0.190261,0,0.142989,0.190261,0,0.142989,0.028322551121,-7.83517833,-7.806855778879
"2161",10.8,"m1",1,0.594732,0,-0.803924,-0.282888,0,-0.210049,-0.282888,0,-0.210049,0.0620731014725,-7.88649444,-7.8244213385275
"2181",10.9,"m1",1,0.540108,0,-0.841596,-0.763526,0,-0.494924,-0.763526,0,-0.494924,0.413960859226,-8.25605676,-7.842095900774
"2201",11,"m1",1,0.437208,0,-0.89936,-1.242746,0,-0.614826,-1.242746,0,-0.614826,0.961214315396,-8.8227216,-7.861507284604
"2221",11.1,"m1",1,0.289243,0,-0.957256,-1.656414,0,-0.516222,-1.656414,0,-0.516222,1.50509624634,-9.39068136,-7.88558511366
"2241",11.2,"m1",1,0.108231,0,-0.994126,-1.903431,0,-0.225706,-1.903431,0,-0.225706,1.8369963850985,-9.75237606,-7.9153796749015
"2261",11.3,"m1",1,-0.08442,0,-0.99643,-1.906357,0,0.143173,-1.906357,0,0.143173,1.827347759689,-9.7749783,-7.947630540311
"2281",11.4,"m1",1,-0.263644,0,-0.96462,-1.666846,0,0.440166,-1.666846,0,0.440166,1.486060847636,-9.4629222,-7.976861352364
"2301",11.5,"m1",1,-0.40904,0,-0.912517,-1.26284,0,0.555644,-1.26284,0,0.555644,0.951752560168,-8.95179177,-8.000039209832
"2321",11.6,"m1",1,-0.509664,0,-0.860374,-0.792532,0,0.464572,-0.792532,0,0.464572,0.421967057104,-8.44026894,-8.018301882896
"2341",11.7,"m1",1,-0.562792,0,-0.826598,-0.319361,0,0.216538,-0.319361,0,0.216538,0.0744400768825,-8.10892638,-8.0344863031175
"2361",11.8,"m1",1,-0.569268,0,-0.822152,0.142547,0,-0.098884,0.142547,0,-0.098884,0.0150488463325,-8.06531112,-8.0502622736675
"2381",11.9,"m1",1,-0.529648,0,-0.848217,0.604429,0,-0.380427,0.604429,0,-0.380427,0.255029559185,-8.32100877,-8.065979210815
"2401",12,"m1",1,-0.443821,0,-0.896115,1.063444,0,-0.534599,1.063444,0,-0.534599,0.7083546159685,-8.79088815,-8.0825335340315
"2421",12.1,"m1",1,-0.3142,0,-0.949357,1.473665,0,-0.500482,1.473665,0,-0.500482,1.2110853822745,-9.31319217,-8.1021067877255
"2441",12.2,"m1",1,-0.150109,0,-0.988669,1.750961,0,-0.281753,1.750961,0,-0.281753,1.572624588265,-9.69884289,-8.126218301735
"2461",12.3,"m1",1,0.030575,0,-0.999532,1.81735,0,0.039062,1.81735,0,0.039062,1.652143431172,-9.80540892,-8.153265488828
"2481",12.4,"m1",1,0.205081,0,-0.978745,1.653678,0,0.33197,1.653678,0,0.33197,1.422427504292,-9.60148845,-8.179060945708
"2501",12.5,"m1",1,0.352805,0,-0.935697,1.312592,0,0.484452,1.312592,0,0.484452,0.978795749384,-9.17918757,-8.200391820616
"2521",12.6,"m1",1,0.460707,0,-0.887552,0.880461,0,0.451511,0.880461,0,0.451511,0.489536877821,-8.70688512,-8.217348242179
"2541",12.7,"m1",1,0.523767,0,-0.851861,0.426026,0,0.260479,0.426026,0,0.260479,0.1246737310585,-8.35675641,-8.2320826789415
"2561",12.8,"m1",1,0.541598,0,-0.840638,-0.023329,0,-0.015035,-0.023329,0,-0.015035,0.000385146733,-8.24665878,-8.246273633267
"2581",12.9,"m1",1,0.51474,0,-0.857347,-0.469167,0,-0.283434,-0.469167,0,-0.283434,0.1502262531225,-8.41057407,-8.2603478168775
"2601",13,"m1",1,0.443467,0,-0.896291,-0.909831,0,-0.455944,-0.909831,0,-0.455944,0.5178386898485,-8.79261471,-8.2747760201515
"2621",13.1,"m1",1,0.329818,0,-0.944045,-1.311657,0,-0.468524,-1.311657,0,-0.468524,0.9699794121125,-9.26108145,-8.2911020378875
"2641",13.2,"m1",1,0.18127,0,-0.983433,-1.605435,0,-0.30951,-1.605435,0,-0.30951,1.3366089896625,-9.64747773,-8.3108687403375
"2661",13.3,"m1",1,0.012837,0,-0.999918,-1.717555,0,-0.036808,-1.717555,0,-0.036808,1.4756750034445,-9.80919558,-8.3335205765555
"2681",13.4,"m1",1,-0.155077,0,-0.987902,-1.61645,0,0.240227,-1.61645,0,0.240227,1.3353098070145,-9.69131862,-8.3560088129855
"2701",13.5,"m1",1,-0.302418,0,-0.953175,-1.334137,0,0.413056,-1.334137,0,0.413056,0.9752683969525,-9.35064675,-8.3753783530475
"2721",13.6,"m1",1,-0.414904,0,-0.909865,-0.943149,0,0.424204,-0.943149,0,0.424204,0.5347395349085,-8.92577565,-8.3910361150915
"2741",13.7,"m1",1,-0.485636,0,-0.874161,-0.512107,0,0.282542,-0.512107,0,0.282542,0.1710417806065,-8.57551941,-8.4044776293935
"2761",13.8,"m1",1,-0.51291,0,-0.858442,-0.077432,0,0.046217,-0.077432,0,0.046217,0.0040658628565,-8.42131602,-8.4172501571435
"2781",13.9,"m1",1,-0.496924,0,-0.867794,0.353505,0,-0.203386,0.353505,0,-0.203386,0.0831658250105,-8.51305914,-8.4298933149895
"2801",14,"m1",1,-0.438141,0,-0.898906,0.777466,0,-0.383128,0.777466,0,-0.383128,0.37562022277,-8.81826786,-8.44264763723
"2821",14.1,"m1",1,-0.338417,0,-0.940996,1.168591,0,-0.428501,1.168591,0,-0.428501,0.774609016141,-9.23117076,-8.456561743859
"2841",14.2,"m1",1,-0.203956,0,-0.97898,1.46989,0,-0.31778,1.46989,0,-0.31778,1.13078037025,-9.6037938,-8.47301342975
"2861",14.3,"m1",1,-0.047503,0,-0.998871,1.614227,0,-0.089851,1.614227,0,-0.089851,1.306901004865,-9.79892451,-8.492023505135
"2881",14.4,"m1",1,0.112759,0,-0.993622,1.563525,0,0.164994,1.563525,0,0.164994,1.2359167228305,-9.74743182,-8.5115150971695
"2901",14.5,"m1",1,0.257758,0,-0.966209,1.33396,0,0.346036,1.33396,0,0.346036,0.949595097448,-9.47851029,-8.528915192552
"2921",14.6,"m1",1,0.372628,0,-0.927981,0.984344,0,0.389223,0.984344,0,0.389223,0.5602138270325,-9.10349361,-8.5432797829675
"2941",14.7,"m1",1,0.449042,0,-0.893511,0.579713,0,0.288992,0.579713,0,0.288992,0.2097917692165,-8.76534291,-8.5555511407835
"2961",14.8,"m1",1,0.484047,0,-0.875042,0.161853,0,0.089337,0.161853,0,0.089337,0.017088746589,-8.58416202,-8.567073273411
"2981",14.9,"m1",1,0.477307,0,-0.878736,-0.254375,0,-0.138648,-0.254375,0,-0.138648,0.0419649542645,-8.62040016,-8.5784352057355
"3001",15,"m1",1,0.429291,0,-0.903166,-0.662827,0,-0.318046,-0.662827,0,-0.318046,0.2702464450225,-8.86005846,-8.5898120149775
"3021",15.1,"m1",1,0.341742,0,-0.939794,-1.042277,0,-0.385579,-1.042277,0,-0.385579,0.617506254985,-9.21937914,-8.601872885015
"3041",15.2,"m1",1,0.219966,0,-0.975508,-1.345322,0,-0.313134,-1.345322,0,-0.313134,0.95397209282,-9.56973348,-8.61576138718
"3061",15.3,"m1",1,0.074926,0,-0.997189,-1.511816,0,-0.125133,-1.511816,0,-0.125133,1.1506229427725,-9.78242409,-8.6318011472275
"3081",15.4,"m1",1,-0.077184,0,-0.997017,-1.501063,0,0.10485,-1.501063,0,0.10485,1.1320918262345,-9.78073677,-8.6486449437655
"3101",15.5,"m1",1,-0.21848,0,-0.975841,-1.317604,0,0.285684,-1.317604,0,0.285684,0.908847824336,-9.57300021,-8.664152385664
"3121",15.6,"m1",1,-0.333991,0,-0.942576,-1.007778,0,0.351053,-1.007778,0,0.351053,0.5694273530465,-9.24667056,-8.6772432069535
"3141",15.7,"m1",1,-0.414383,0,-0.910103,-0.631092,0,0.284712,-0.631092,0,0.284712,0.239669017704,-8.92811043,-8.688441412296
"3161",15.8,"m1",1,-0.455601,0,-0.890184,-0.231798,0,0.118255,-0.231798,0,0.118255,0.0338572789145,-8.73270504,-8.6988477610855
"3181",15.9,"m1",1,-0.456688,0,-0.889627,0.169445,0,-0.087188,0.169445,0,-0.087188,0.0181566776845,-8.72724087,-8.7090841923155
"3201",16,"m1",1,-0.417979,0,-0.908457,0.563148,0,-0.261224,0.563148,0,-0.261224,0.19268682404,-8.91196317,-8.71927634596
"3221",16.1,"m1",1,-0.341107,0,-0.940025,0.930583,0,-0.342912,0.930583,0,-0.342912,0.4917866798165,-9.22164525,-8.7298585701835
"3241",16.2,"m1",1,-0.230725,0,-0.973019,1.231659,0,-0.300313,1.231659,0,-0.300313,0.803585895125,-9.54531639,-8.741730494875
"3261",16.3,"m1",1,-0.096391,0,-0.995344,1.412909,0,-0.146966,1.412909,0,-0.146966,1.0089554237185,-9.76432464,-8.7553692162815
"3281",16.4,"m1",1,0.047437,0,-0.998874,1.433443,0,0.057773,1.433443,0,0.057773,1.029048276889,-9.79895394,-8.769905663111
"3301",16.5,"m1",1,0.184127,0,-0.982903,1.289575,0,0.23284,1.289575,0,0.23284,0.8586090731125,-9.64227843,-8.7836693568875
"3321",16.6,"m1",1,0.298934,0,-0.954274,1.016887,0,0.312618,1.016887,0,0.312618,0.5658945923465,-9.36142794,-8.7955333476535
"3341",16.7,"m1",1,0.381874,0,-0.924214,0.668497,0,0.273393,0.668497,0,0.273393,0.260815985729,-9.06653934,-8.805723354271
"3361",16.8,"m1",1,0.427976,0,-0.90379,0.288977,0,0.136276,0.288977,0,0.136276,0.0510394273525,-8.8661799,-8.8151404726475
"3381",16.9,"m1",1,0.435647,0,-0.900118,-0.096841,0,-0.046934,-0.096841,0,-0.046934,0.0057904898185,-8.83015758,-8.8243670901815
"3401",17,"m1",1,0.404991,0,-0.914321,-0.476236,0,-0.212432,-0.476236,0,-0.212432,0.13596404116,-8.96948901,-8.83352496884
"3421",17.1,"m1",1,0.33751,0,-0.941322,-0.831597,0,-0.302327,-0.831597,0,-0.302327,0.391477592669,-9.23436882,-8.842891227331
"3441",17.2,"m1",1,0.237359,0,-0.971422,-1.128308,0,-0.282657,-1.128308,0,-0.282657,0.6764869612565,-9.52964982,-8.8531628587435
"3461",17.3,"m1",1,0.112975,0,-0.993598,-1.318896,0,-0.158843,-1.318896,0,-0.158843,0.8823588787325,-9.74719638,-8.8648375012675
"3481",17.4,"m1",1,-0.022677,0,-0.999743,-1.363695,0,0.02163,-1.363695,0,0.02163,0.9300659549625,-9.80747883,-8.8774128750375
"3501",17.5,"m1",1,-0.154199,0,-0.98804,-1.253415,0,0.187486,-1.253415,0,0.187486,0.8031000812105,-9.6926724,-8.8895723187895
"3521",17.6,"m1",1,-0.267289,0,-0.963616,-1.014679,0,0.275716,-1.014679,0,0.275716,0.5527963928485,-9.45307296,-8.9002765671515
"3541",17.7,"m1",1,-0.3516,0,-0.93615,-0.694067,0,0.25775,-0.694067,0,0.25775,0.2740820314945,-9.1836315,-8.9095494685055
"3561",17.8,"m1",1,-0.401435,0,-0.915887,-0.334986,0,0.146096,-0.334986,0,0.146096,0.066779830706,-8.98485147,-8.918071639294
"3581",17.9,"m1",1,-0.414601,0,-0.910003,0.034998,0,-0.015953,0.034998,0,-0.015953,0.0007396791065,-8.92712943,-8.9263897508935
"3601",18,"m1",1,-0.390913,0,-0.920428,0.400325,0,-0.171051,0.400325,0,-0.171051,0.094759275113,-9.02939868,-8.934639404887
"3621",18.1,"m1",1,-0.331713,0,-0.94338,0.743666,0,-0.264792,0.743666,0,-0.264792,0.31157696141,-9.2545578,-8.94298083859
"3641",18.2,"m1",1,-0.240754,0,-0.970586,1.034459,0,-0.262465,1.034459,0,-0.262465,0.569496649453,-9.52144866,-8.951952010547
"3661",18.3,"m1",1,-0.125569,0,-0.992085,1.230421,0,-0.1635,1.230421,0,-0.1635,0.7703340436205,-9.73235385,-8.9620198063795
"3681",18.4,"m1",1,0.002159,0,-0.999998,1.293864,0,-0.005578,1.293864,0,-0.005578,0.83705758229,-9.80998038,-8.97292279771
"3701",18.5,"m1",1,0.1282,0,-0.991748,1.211844,0,0.149135,1.211844,0,0.149135,0.7454035642805,-9.72904788,-8.9836443157195
"3721",18.6,"m1",1,0.238827,0,-0.971062,1.003703,0,0.241368,1.003703,0,0.241368,0.5328391118165,-9.52611822,-8.9932791081835
"3741",18.7,"m1",1,0.323555,0,-0.946209,0.709758,0,0.239736,0.709758,0,0.239736,0.28061488413,-9.28231029,-9.00169540587
"3761",18.8,"m1",1,0.376141,0,-0.926562,0.371299,0,0.149865,0.371299,0,0.149865,0.080161232813,-9.08957322,-9.009411987187
"3781",18.9,"m1",1,0.393851,0,-0.919174,0.017435,0,0.007468,0.017435,0,0.007468,0.0001798751245,-9.01709694,-9.0169170648755
"3801",19,"m1",1,0.376185,0,-0.926545,-0.33396,0,-0.136293,-0.33396,0,-0.136293,0.0650525317245,-9.08940645,-9.0243539182755
"3821",19.1,"m1",1,0.324302,0,-0.945954,-0.66538,0,-0.230734,-0.66538,0,-0.230734,0.247984361578,-9.27980874,-9.031824378422
"3841",19.2,"m1",1,0.241612,0,-0.970373,-0.949244,0,-0.241294,-0.949244,0,-0.241294,0.479643482986,-9.51935913,-9.039715647014
"3861",19.3,"m1",1,0.134906,0,-0.990858,-1.147672,0,-0.163036,-1.147672,0,-0.163036,0.67186587844,-9.72031698,-9.04845110156
"3881",19.4,"m1",1,0.014768,0,-0.999891,-1.22529,0,-0.025608,-1.22529,0,-0.025608,0.750995676882,-9.80893071,-9.057935033118
"3901",19.5,"m1",1,-0.105659,0,-0.994402,-1.166912,0,0.117073,-1.166912,0,0.117073,0.6876948515365,-9.75508362,-9.0673887684635
"3921",19.6,"m1",1,-0.213291,0,-0.976989,-0.986063,0,0.21007,-0.986063,0,0.21007,0.5082248224345,-9.58426209,-9.0760372675655
"3941",19.7,"m1",1,-0.297675,0,-0.954667,-0.71731,0,0.220714,-0.71731,0,0.220714,0.281624152948,-9.36528327,-9.083659117052
"3961",19.8,"m1",1,-0.352179,0,-0.935933,-0.399263,0,0.149267,-0.399263,0,0.149267,0.090845790229,-9.18150273,-9.090656939771
"3981",19.9,"m1",1,-0.373606,0,-0.927588,-0.061639,0,0.024803,-0.061639,0,0.024803,0.002207277565,-9.09963828,-9.097431002435
"2",0,"m2",1,2,0,0,0,0,0,0,0,0,0,0,0
"22",0.1,"m2",1,1.998546,0,-0.053955,-0.048059,0,-0.980999,-0.048059,0,-0.980999,0.482334352741,-0.52929855,-0.0469641972590001
"42",0.2,"m2",1,1.978964,0,-0.206002,-0.379078,0,-1.9617,-0.379078,0,-1.9617,1.995983510042,-2.02087962,-0.0248961099580001
"62",0.3,"m2",1,1.899721,0,-0.455831,-1.216064,0,-2.9341,-1.216064,0,-2.9341,5.043877231048,-4.47170211,0.572175121048001
"82",0.4,"m2",1,1.70588,0,-0.800004,-2.608054,0,-3.835784,-2.608054,0,-3.835784,10.757592280786,-7.84803924,2.909553040786
"102",0.5,"m2",1,1.343377,0,-1.220197,-4.55294,0,-4.415983,-4.55294,0,-4.415983,20.1150842499445,-11.97013257,8.1449516799445
"122",0.6,"m2",1,0.745579,0,-1.645665,-7.259452,0,-3.835039,-7.259452,0,-3.835039,33.7035837359125,-16.14397365,17.5596100859125
"142",0.7,"m2",1,-0.134359,0,-1.873156,-9.834584,0,-0.50004,-9.834584,0,-0.50004,48.484541227328,-18.37566036,30.108880867328
"162",0.8,"m2",1,-1.116744,0,-1.621775,-9.106446,0,5.032423,-9.106446,0,5.032423,54.1263200009225,-15.90961275,38.2167072509225
"182",0.9,"m2",1,-1.786654,0,-0.894343,-4.338603,0,8.502582,-4.338603,0,8.502582,45.5586883291665,-8.77350483,36.7851834991665
"202",1,"m2",1,-1.917573,0,-0.051304,0.986896,0,7.817216,0.986896,0,7.817216,31.041414852736,-0.50329224,30.538122612736
"222",1.1,"m2",1,-1.612175,0,0.562289,4.404291,0,4.524243,4.404291,0,4.524243,19.933276967865,5.51605509,25.449332057865
"242",1.2,"m2",1,-1.086998,0,0.789075,5.639366,0,0.395898,5.639366,0,0.395898,15.97959205418,7.74082575,23.72041780418
"262",1.3,"m2",1,-0.539358,0,0.616657,5.144888,0,-3.309272,5.144888,0,-3.309272,18.710576851264,6.04940517,24.759982021264
"282",1.4,"m2",1,-0.089041,0,0.141117,3.973478,0,-5.731515,3.973478,0,-5.731515,24.3193958058545,1.38435777,25.7037535758545
"302",1.5,"m2",1,0.252069,0,-0.514223,2.949708,0,-7.135381,2.949708,0,-7.135381,29.8072196502125,-5.04452763,24.7626920202125
"322",1.6,"m2",1,0.448438,0,-1.272538,0.793783,0,-7.697022,0.793783,0,-7.697022,29.9371195597865,-12.48359778,17.4535217797865
"342",1.7,"m2",1,0.302238,0,-1.899156,-3.284697,0,-4.147549,-3.284697,0,-4.147549,13.995698544605,-18.63072036,-4.635021815395
"362",1.8,"m2",1,-0.082663,0,-1.910912,-3.379222,0,3.018204,-3.379222,0,3.018204,10.26434835545,-18.74604672,-8.48169836455
"382",1.9,"m2",1,-0.255128,0,-1.40679,-0.449945,0,5.90158,-0.449945,0,5.90158,17.5155484997125,-13.8006099,3.7149385997125
"402",2,"m2",1,-0.21362,0,-0.826925,0.858503,0,5.507741,0.858503,0,5.507741,15.536119162045,-8.11213425,7.423984912045
"422",2.1,"m2",1,-0.107501,0,-0.328666,1.185216,0,4.535036,1.185216,0,4.535036,10.985644243976,-3.22421346,7.761430783976
"442",2.2,"m2",1,0.028565,0,0.065911,1.531506,0,3.437389,1.531506,0,3.437389,7.0805768826785,0.64658691,7.7271637926785
"462",2.3,"m2",1,0.207025,0,0.339448,1.994588,0,2.127699,1.994588,0,2.127699,4.2527421621725,3.32998488,7.5827270421725
"482",2.4,"m2",1,0.428983,0,0.471456,2.380739,0,0.639685,2.380739,0,0.639685,3.038557542673,4.62498336,7.663540902673
"502",2.5,"m2",1,0.680145,0,0.447921,2.589392,0,-0.97453,2.589392,0,-0.97453,3.827329825282,4.39410501,8.221434835282
"522",2.6,"m2",1,0.938769,0,0.249134,2.519425,0,-2.890885,2.519425,0,-2.890885,7.352359206925,2.44400454,9.796363746925
"542",2.7,"m2",1,1.1488,0,-0.176226,1.511104,0,-5.482116,1.511104,0,-5.482116,16.168515568136,-1.72877706,14.439738508136
"562",2.8,"m2",1,1.124774,0,-0.876333,-2.240279,0,-8.031981,-2.240279,0,-8.031981,34.765784391101,-8.59682673,26.168957661101
"582",2.9,"m2",1,0.535984,0,-1.646037,-9.023136,0,-6.368404,-9.023136,0,-6.368404,60.986776390856,-16.14762297,44.839153420856
"602",3,"m2",1,-0.601419,0,-1.860498,-12.043347,0,1.942974,-12.043347,0,1.942974,74.4086774635425,-18.25148538,56.1571920835425
"622",3.1,"m2",1,-1.559418,0,-1.230369,-6.598379,0,8.919334,-6.598379,0,8.919334,61.5465622155985,-12.06991989,49.4766423255985
"642",3.2,"m2",1,-1.791703,0,-0.29291,0.902279,0,8.781961,0.902279,0,8.781961,38.968473199681,-2.8734471,36.095026099681
"662",3.3,"m2",1,-1.434145,0,0.366951,5.188458,0,4.521988,5.188458,0,4.521988,23.684235944954,3.59978931,27.284025254954
"682",3.4,"m2",1,-0.840578,0,0.549591,6.139266,0,-0.299522,6.139266,0,-0.299522,18.89015022362,5.39148771,24.28163793362
"702",3.5,"m2",1,-0.273388,0,0.30154,5.100944,0,-4.0447,5.100944,0,-4.0447,21.189613890568,2.9581074,24.147721290568
"722",3.6,"m2",1,0.144079,0,-0.240204,3.377155,0,-6.347007,3.377155,0,-6.347007,25.844836876037,-2.35640124,23.488435636037
"742",3.7,"m2",1,0.368057,0,-0.948288,1.164683,0,-7.49902,1.164683,0,-7.49902,28.7958937254445,-9.30270528,19.4931884454445
"762",3.8,"m2",1,0.298258,0,-1.662465,-2.403295,0,-6.246448,-2.403295,0,-6.246448,22.3969697368645,-16.30878165,6.0881880868645
"782",3.9,"m2",1,-0.098319,0,-1.996806,-4.565976,0,-0.426265,-4.565976,0,-0.426265,10.5149193414005,-19.58866686,-9.0737475185995
"802",4,"m2",1,-0.436722,0,-1.71539,-1.936223,0,4.802704,-1.936223,0,4.802704,13.4074626086725,-16.8279759,-3.4205132913275
"822",4.1,"m2",1,-0.459727,0,-1.163096,0.86035,0,5.620504,0.86035,0,5.620504,16.165133668258,-11.40997176,4.755161908258
"842",4.2,"m2",1,-0.314061,0,-0.644873,1.735245,0,4.752896,1.735245,0,4.752896,12.8005477984205,-6.32620413,6.4743436684205
"862",4.3,"m2",1,-0.130836,0,-0.225397,1.883616,0,3.737191,1.883616,0,3.737191,8.7573029029685,-2.21114457,6.5461583329685
"882",4.4,"m2",1,0.06515,0,0.089929,2.038298,0,2.656146,2.038298,0,2.656146,5.60488515506,0.88220349,6.48708864506
"902",4.5,"m2",1,0.281083,0,0.288992,2.259846,0,1.42244,2.259846,0,1.42244,3.565119748658,2.83501152,6.400131268658
"922",4.6,"m2",1,0.517562,0,0.356627,2.437375,0,0.04558,2.437375,0,0.04558,2.9714372135125,3.49851087,6.4699480835125
"942",4.7,"m2",1,0.765435,0,0.277446,2.484203,0,-1.51702,2.484203,0,-1.51702,4.2363071128045,2.72174526,6.9580523728045
"962",4.8,"m2",1,1.000758,0,0.021436,2.144636,0,-3.500235,2.144636,0,-3.500235,8.4255543138605,0.21028716,8.6358414738605
"982",4.9,"m2",1,1.141339,0,-0.464179,0.488466,0,-6.004608,0.488466,0,-6.004608,18.14695813341,-4.55359599,13.59336214341
"1002",5,"m2",1,0.973182,0,-1.169682,-3.916761,0,-7.506741,-3.916761,0,-7.506741,35.846088586101,-11.47458042,24.371508166101
"1022",5.1,"m2",1,0.256176,0,-1.793347,-9.617323,0,-4.264109,-9.617323,0,-4.264109,55.337763625105,-17.59273407,37.745029555105
"1042",5.2,"m2",1,-0.812245,0,-1.810609,-10.426845,0,3.357994,-10.426845,0,3.357994,59.9976101790305,-17.76207429,42.2355358890305
"1062",5.3,"m2",1,-1.584088,0,-1.157019,-4.920674,0,8.27037,-4.920674,0,8.27037,46.306026275588,-11.35035639,34.955669885588
"1082",5.4,"m2",1,-1.717705,0,-0.33314,1.312973,0,7.504681,1.312973,0,7.504681,29.022067505245,-3.2681034,25.753964105245
"1102",5.5,"m2",1,-1.368162,0,0.223684,4.82458,0,3.789946,4.82458,0,3.789946,18.820131429658,2.19434004,21.014471469658
"1122",5.6,"m2",1,-0.818395,0,0.381059,5.743632,0,-0.143108,5.743632,0,-0.143108,16.504894225544,3.73818879,20.243083015544
"1142",5.7,"m2",1,-0.263036,0,0.195582,5.28586,0,-3.076073,5.28586,0,-3.076073,18.7012705204645,1.91865942,20.6199299404645
"1162",5.8,"m2",1,0.220802,0,-0.224184,4.443086,0,-5.008848,4.443086,0,-5.008848,22.41478574525,-2.19924504,20.21554070525
"1182",5.9,"m2",1,0.59483,0,-0.80886,2.970067,0,-6.469245,2.970067,0,-6.469245,25.336214427257,-7.9349166,17.401297827257
"1202",6,"m2",1,0.719177,0,-1.481424,-0.517664,0,-6.497845,-0.517664,0,-6.497845,21.2449828304605,-14.53276944,6.7122133904605
"1222",6.1,"m2",1,0.437866,0,-1.940405,-4.319349,0,-2.370845,-4.319349,0,-2.370845,12.138840898913,-19.03537305,-6.896532151087
"1242",6.2,"m2",1,-0.010597,0,-1.85925,-3.958623,0,3.108041,-3.958623,0,3.108041,12.665307456905,-18.2392425,-5.573935043095
"1262",6.3,"m2",1,-0.268083,0,-1.402642,-1.44625,0,5.222411,-1.44625,0,5.222411,14.6826078577105,-13.75991802,0.9226898377105
"1282",6.4,"m2",1,-0.309853,0,-0.886324,0.256492,0,4.918763,0.256492,0,4.918763,12.1300087981165,-8.69483844,3.4351703581165
"1302",6.5,"m2",1,-0.232103,0,-0.447825,1.121931,0,3.903301,1.121931,0,3.903301,8.247243932681,-4.39316325,3.854080682681
"1322",6.6,"m2",1,-0.090632,0,-0.122251,1.617172,0,2.712103,1.617172,0,2.712103,4.9853739800965,-1.19928231,3.7860916700965
"1342",6.7,"m2",1,0.08826,0,0.080944,1.901825,0,1.475272,1.901825,0,1.475272,2.8966829023045,0.79406064,3.6907435423045
"1362",6.8,"m2",1,0.286588,0,0.161427,2.032017,0,0.260627,2.032017,0,0.260627,2.098509760709,1.58359887,3.682108630709
"1382",6.9,"m2",1,0.492536,0,0.1198,2.069207,0,-0.990234,2.069207,0,-0.990234,2.6310904918025,1.175238,3.8063284918025
"1402",7,"m2",1,0.693644,0,-0.06086,1.903879,0,-2.547547,1.903879,0,-2.547547,5.057375481925,-0.5970366,4.460338881925
"1422",7.1,"m2",1,0.838804,0,-0.426747,0.862315,0,-4.633058,0.862315,0,-4.633058,11.1044067952945,-4.18638807,6.9180187252945
"1442",7.2,"m2",1,0.774284,0,-0.997608,-2.25754,0,-6.369167,-2.25754,0,-6.369167,22.8313875627445,-9.78653448,13.0448530827445
"1462",7.3,"m2",1,0.284007,0,-1.597228,-7.105055,0,-5.000796,-7.105055,0,-5.000796,37.7448835933205,-15.66880668,22.0760769133205
"1482",7.4,"m2",1,-0.599646,0,-1.81064,-9.492016,0,0.658206,-9.492016,0,0.658206,45.265801441346,-17.7623784,27.503423041346
"1502",7.5,"m2",1,-1.412893,0,-1.413068,-6.255811,0,6.220237,-6.255811,0,6.220237,38.913259801945,-13.86219708,25.051062721945
"1522",7.6,"m2",1,-1.713903,0,-0.689994,-0.326425,0,7.315341,-0.326425,0,7.315341,26.810383613453,-6.76884114,20.041542473453
"1542",7.7,"m2",1,-1.480519,0,-0.086547,4.1079,0,4.636207,4.1079,0,4.636207,19.1846288784245,-0.84902607,18.3356028084245
"1562",7.8,"m2",1,-0.95378,0,0.177832,5.860848,0,1.070578,5.860848,0,1.070578,17.747838266594,1.74453192,19.492370186594
"1582",7.9,"m2",1,-0.353303,0,0.130676,5.992261,0,-1.546567,5.992261,0,-1.546567,19.149530688805,1.28193156,20.431462248805
"1602",8,"m2",1,0.231532,0,-0.120309,5.705558,0,-3.222963,5.705558,0,-3.222963,21.4704412953665,-1.18023129,20.2902100053665
"1622",8.1,"m2",1,0.764641,0,-0.531002,4.837923,0,-4.877452,4.837923,0,-4.877452,23.5975184831165,-5.20912962,18.3883888631165
"1642",8.2,"m2",1,1.104717,0,-1.104942,1.789675,0,-6.232664,1.789675,0,-6.232664,21.0245185712605,-10.83948102,10.1850375512605
"1662",8.3,"m2",1,1.015676,0,-1.668854,-3.05857,0,-4.507037,-3.05857,0,-4.507037,14.8341164821345,-16.37145774,-1.5373412578655
"1682",8.4,"m2",1,0.550457,0,-1.867926,-5.313389,0,0.191126,-5.313389,0,0.191126,14.1343159065985,-18.32435406,-4.1900381534015
"1702",8.5,"m2",1,0.069236,0,-1.637738,-4.075678,0,3.625587,-4.075678,0,3.625587,14.8780161271265,-16.06620978,-1.1881936528735
"1722",8.6,"m2",1,-0.22148,0,-1.208435,-1.975573,0,4.525653,-1.975573,0,4.525653,12.192211877369,-11.85474735,0.337464527369001
"1742",8.7,"m2",1,-0.325939,0,-0.779778,-0.390927,0,3.953834,-0.390927,0,3.953834,7.8928136094425,-7.64962218,0.243191429442501
"1762",8.8,"m2",1,-0.311792,0,-0.443704,0.473669,0,2.842918,0.473669,0,2.842918,4.1532725381425,-4.35273624,-0.199463701857501
"1782",8.9,"m2",1,-0.246011,0,-0.222152,0.732124,0,1.729416,0.732124,0,1.729416,1.763442626216,-2.17931112,-0.415868493784
"1802",9,"m2",1,-0.177582,0,-0.0977,0.607382,0,0.902262,0.607382,0,0.902262,0.591494805284,-0.958437,-0.366942194716
"1822",9.1,"m2",1,-0.130406,0,-0.035667,0.361076,0,0.441489,0.361076,0,0.441489,0.1626442074485,-0.34989327,-0.1872490625515
"1842",9.2,"m2",1,-0.104145,0,-0.003447,0.20703,0,0.252228,0.20703,0,0.252228,0.053240192442,-0.03381507,0.019425122442
"1862",9.3,"m2",1,-0.082994,0,0.015974,0.245337,0,0.143425,0.245337,0,0.143425,0.040380487097,0.15670494,0.197085427097
"1882",9.4,"m2",1,-0.048012,0,0.020001,0.455153,0,-0.070656,0.455153,0,-0.070656,0.1060782618725,0.19620981,0.3022880718725
"1902",9.5,"m2",1,0.013217,0,-0.00857,0.745015,0,-0.49677,0.745015,0,-0.49677,0.4009138915625,-0.0840717,0.3168421915625
"1922",9.6,"m2",1,0.103228,0,-0.09236,1.018782,0,-1.148305,1.018782,0,-1.148305,1.1782605682745,-0.9060516,0.2722089682745
"1942",9.7,"m2",1,0.216559,0,-0.251675,1.211067,0,-1.979653,1.211067,0,-1.979653,2.692854639449,-2.46893175,0.223922889449
"1962",9.8,"m2",1,0.341877,0,-0.501387,1.257557,0,-2.935459,1.257557,0,-2.935459,5.099184574465,-4.91860647,0.180578104465
"1982",9.9,"m2",1,0.456007,0,-0.850477,0.969887,0,-3.941148,0.969887,0,-3.941148,8.2366641753365,-8.34317937,-0.106515194663501
"2002",10,"m2",1,0.503225,0,-1.289384,-0.08982,0,-4.65525,-0.08982,0,-4.65525,10.83971009745,-12.64885704,-1.80914694255
"2022",10.1,"m2",1,0.387905,0,-1.736331,-2.120694,0,-3.999764,-2.120694,0,-3.999764,10.247727548666,-17.03340711,-6.785679561334
"2042",10.2,"m2",1,0.076253,0,-1.990223,-3.666181,0,-1.044842,-3.666181,0,-1.044842,7.2662889648625,-19.52408763,-12.2577986651375
"2062",10.3,"m2",1,-0.266619,0,-1.89748,-2.891842,0,2.358943,-2.891842,0,2.358943,6.9636811151065,-18.6142788,-11.6505976848935
"2082",10.4,"m2",1,-0.450987,0,-1.566293,-0.999114,0,3.746055,-0.999114,0,3.746055,7.5155784240105,-15.36533433,-7.8497559059895
"2102",10.5,"m2",1,-0.47694,0,-1.201055,0.19031,0,3.416206,0.19031,0,3.416206,5.853340665268,-11.78234955,-5.929008884732
"2122",10.6,"m2",1,-0.435761,0,-0.907831,0.490119,0,2.505032,0.490119,0,2.505032,3.2577009775925,-8.90582211,-5.6481211324075
"2142",10.7,"m2",1,-0.394421,0,-0.711146,0.302564,0,1.5317,0.302564,0,1.5317,1.218824932048,-6.97634226,-5.757517327952
"2162",10.8,"m2",1,-0.386059,0,-0.608864,-0.121958,0,0.617338,-0.121958,0,0.617338,0.197989980004,-5.97295584,-5.774965859996
"2182",10.9,"m2",1,-0.428791,0,-0.594136,-0.695834,0,-0.228355,-0.695834,0,-0.228355,0.2681654807905,-5.82847416,-5.5603086792095
"2202",11,"m2",1,-0.53414,0,-0.6617,-1.348359,0,-1.042401,-1.348359,0,-1.042401,1.452335918841,-6.491277,-5.038941081159
"2222",11.1,"m2",1,-0.700312,0,-0.8131,-1.870622,0,-1.916997,-1.870622,0,-1.916997,3.5870520824465,-7.976511,-4.3894589175535
"2242",11.2,"m2",1,-0.889729,0,-1.057965,-1.768844,0,-2.88488,-1.768844,0,-2.88488,5.725670855368,-10.37863665,-4.652965794632
"2262",11.3,"m2",1,-1.00498,0,-1.387031,-0.444755,0,-3.498615,-0.444755,0,-3.498615,6.219056964125,-13.60677411,-7.387717145875
"2282",11.4,"m2",1,-0.928885,0,-1.711249,1.777692,0,-2.777692,1.777692,0,-2.777692,5.437880846864,-16.78735269,-11.349471843136
"2302",11.5,"m2",1,-0.655378,0,-1.8817,3.300169,0,-0.719949,3.300169,0,-0.719949,5.704720995581,-18.459477,-12.754756004419
"2322",11.6,"m2",1,-0.313213,0,-1.840887,3.32786,0,1.200775,3.32786,0,1.200775,6.2582563901125,-18.05910147,-11.8008450798875
"2342",11.7,"m2",1,-0.01945,0,-1.66611,2.574616,0,2.020298,2.574616,0,2.020298,5.35512577813,-16.3445391,-10.98941332187
"2362",11.8,"m2",1,0.19551,0,-1.466446,1.839825,0,1.863546,1.839825,0,1.863546,3.4288798623705,-14.38583526,-10.9569553976295
"2382",11.9,"m2",1,0.354189,0,-1.316012,1.434829,0,1.155906,1.434829,0,1.155906,1.6974264700385,-12.91007772,-11.2126512499615
"2402",12,"m2",1,0.491015,0,-1.251194,1.351344,0,0.214307,1.351344,0,0.214307,0.9360290482925,-12.27421314,-11.3381840917075
"2422",12.1,"m2",1,0.628008,0,-1.284385,1.376291,0,-0.7756,1.376291,0,-0.7756,1.2478661383405,-12.59981685,-11.3519507116595
"2442",12.2,"m2",1,0.755884,0,-1.411962,1.124324,0,-1.649717,1.124324,0,-1.649717,1.9928353185325,-13.85134722,-11.8585119014675
"2462",12.3,"m2",1,0.825605,0,-1.606103,0.246283,0,-2.077403,0.246283,0,-2.077403,2.188129270249,-15.75587043,-13.567741159751
"2482",12.4,"m2",1,0.778907,0,-1.797722,-1.062728,0,-1.640106,-1.062728,0,-1.640106,1.90966924661,-17.63565282,-15.72598357339
"2502",12.5,"m2",1,0.614019,0,-1.900978,-2.020269,0,-0.479806,-2.020269,0,-0.479806,2.1558503149985,-18.64859418,-16.4927438650015
"2522",12.6,"m2",1,0.396174,0,-1.885468,-2.200314,0,0.603069,-2.200314,0,0.603069,2.6025369586785,-18.49644108,-15.8939041213215
"2542",12.7,"m2",1,0.190896,0,-1.794833,-1.894717,0,1.047862,-1.894717,0,1.047862,2.3439836405665,-17.60731173,-15.2633280894335
"2562",12.8,"m2",1,0.023087,0,-1.695709,-1.508298,0,0.86799,-1.508298,0,0.86799,1.514184748452,-16.63490529,-15.120720541548
"2582",12.9,"m2",1,-0.110549,0,-1.63774,-1.211083,0,0.305277,-1.211083,0,0.305277,0.779958039809,-16.0662294,-15.286271360191
"2602",13,"m2",1,-0.218603,0,-1.645733,-0.974047,0,-0.399264,-0.974047,0,-0.399264,0.5540896499525,-16.14464073,-15.5905510800475
"2622",13.1,"m2",1,-0.299828,0,-1.720927,-0.654798,0,-1.005526,-0.654798,0,-1.005526,0.71992147874,-16.88229387,-16.16237239126
"2642",13.2,"m2",1,-0.338036,0,-1.838022,-0.126476,0,-1.225935,-0.126476,0,-1.225935,0.7594564014005,-18.03099582,-17.2715394185995
"2662",13.3,"m2",1,-0.315732,0,-1.944398,0.499087,0,-0.837344,0.499087,0,-0.837344,0.4751164039525,-19.07454438,-18.5994279760475
"2682",13.4,"m2",1,-0.242285,0,-1.984093,0.863115,0,-0.008007,0.863115,0,-0.008007,0.372515807637,-19.46395233,-19.091436522363
"2702",13.5,"m2",1,-0.156599,0,-1.942487,0.795513,0,0.703607,0.795513,0,0.703607,0.563951871809,-19.05579747,-18.491845598191
"2722",13.6,"m2",1,-0.092625,0,-1.85651,0.499996,0,0.9033,0.499996,0,0.9033,0.532973445008,-18.2123631,-17.679389654992
"2742",13.7,"m2",1,-0.059038,0,-1.778602,0.211776,0,0.620449,0.211776,0,0.620449,0.2149030178885,-17.44808562,-17.2331826021115
"2762",13.8,"m2",1,-0.050518,0,-1.745118,-0.011151,0,0.08075,-0.011151,0,0.08075,0.0033224536505,-17.11960758,-17.1162851263495
"2782",13.9,"m2",1,-0.063041,0,-1.768763,-0.222306,0,-0.482955,-0.222306,0,-0.482955,0.1413327448305,-17.35156503,-17.2102322851695
"2802",14,"m2",1,-0.098955,0,-1.839626,-0.479246,0,-0.84578,-0.479246,0,-0.84578,0.472510268458,-18.04673106,-17.574220791542
"2822",14.1,"m2",1,-0.162038,0,-1.925318,-0.745948,0,-0.790851,-0.745948,0,-0.790851,0.5909418614525,-18.88736958,-18.2964277185475
"2842",14.2,"m2",1,-0.24386,0,-1.978184,-0.831062,0,-0.252403,-0.831062,0,-0.252403,0.3771856611265,-19.40598504,-19.0287993788735
"2862",14.3,"m2",1,-0.314281,0,-1.962629,-0.541354,0,0.481039,-0.541354,0,0.481039,0.2622313364185,-19.25339049,-18.9911591535815
"2882",14.4,"m2",1,-0.338256,0,-1.886139,0.02646,0,0.925245,0.02646,0,0.925245,0.4283892208125,-18.50302359,-18.0746343691875
"2902",14.5,"m2",1,-0.304304,0,-1.793305,0.57453,0,0.857051,0.57453,0,0.857051,0.5323105687505,-17.59232205,-17.0600114812495
"2922",14.6,"m2",1,-0.224421,0,-1.730186,0.959289,0,0.407864,0.959289,0,0.407864,0.5432942140085,-16.97312466,-16.4298304459915
"2942",14.7,"m2",1,-0.112274,0,-1.721112,1.249358,0,-0.169169,1.249358,0,-0.169169,0.7947567813625,-16.88410872,-16.0893519386375
"2962",14.8,"m2",1,0.028941,0,-1.765479,1.551651,0,-0.634784,1.551651,0,-0.634784,1.4052857762285,-17.31934899,-15.9140632137715
"2982",14.9,"m2",1,0.201998,0,-1.840092,1.872908,0,-0.773483,1.872908,0,-0.773483,2.0530301638765,-18.05130252,-15.9982723561235
"3002",15,"m2",1,0.401591,0,-1.902782,2.056101,0,-0.430431,2.056101,0,-0.430431,2.206411083981,-18.66629142,-16.459880336019
"3022",15.1,"m2",1,0.598848,0,-1.906177,1.822207,0,0.331406,1.822207,0,0.331406,1.7151341438425,-18.69959637,-16.9844622261575
"3042",15.2,"m2",1,0.742012,0,-1.828425,1.039874,0,1.101691,1.039874,0,1.101691,1.1475304976785,-17.93684925,-16.7893187523215
"3062",15.3,"m2",1,0.789052,0,-1.697207,0.005287,0,1.389716,0.005287,0,1.389716,0.9656692565125,-16.64960067,-15.6839314134875
"3082",15.4,"m2",1,0.741555,0,-1.571183,-0.811347,0,1.076004,-0.811347,0,1.076004,0.9080342812125,-15.41330523,-14.5052709487875
"3102",15.5,"m2",1,0.633297,0,-1.499745,-1.257682,0,0.382982,-1.257682,0,0.382982,0.864219612724,-14.71249845,-13.848278837276
"3122",15.6,"m2",1,0.492288,0,-1.505837,-1.530611,0,-0.423674,-1.530611,0,-0.423674,1.2611348457985,-14.77226097,-13.5111261242015
"3142",15.7,"m2",1,0.320767,0,-1.588006,-1.894176,0,-1.111173,-1.894176,0,-1.111173,2.4113040774525,-15.57833886,-13.1670347825475
"3162",15.8,"m2",1,0.101976,0,-1.720309,-2.453259,0,-1.417786,-2.453259,0,-1.417786,4.0142984314385,-16.87623129,-12.8619328585615
"3182",15.9,"m2",1,-0.176748,0,-1.849644,-3.036634,0,-1.080755,-3.036634,0,-1.080755,5.1945887099905,-18.14500764,-12.9504189300095
"3202",16,"m2",1,-0.49505,0,-1.905482,-3.199838,0,-0.041593,-3.199838,0,-0.041593,5.1203466019465,-18.69277842,-13.5724318180535
"3222",16.1,"m2",1,-0.78492,0,-1.836144,-2.5126,0,1.281491,-2.5126,0,1.281491,3.9776889715405,-18.01257264,-14.0348836684595
"3242",16.2,"m2",1,-0.962181,0,-1.654908,-1.106148,0,2.124247,-1.106148,0,2.124247,2.8679943574565,-16.23464748,-13.3666531225435
"3262",16.3,"m2",1,-0.993128,0,-1.437908,0.279387,0,2.079301,0.279387,0,2.079301,2.200774872185,-14.10587748,-11.905102607815
"3282",16.4,"m2",1,-0.916665,0,-1.264407,1.056451,0,1.390444,1.056451,0,1.390444,1.5247116162685,-12.40383267,-10.8791210537315
"3302",16.5,"m2",1,-0.797064,0,-1.175943,1.245791,0,0.454069,1.245791,0,0.454069,0.879086936221,-11.53600083,-10.656913893779
"3322",16.6,"m2",1,-0.674126,0,-1.184827,1.213528,0,-0.533689,1.213528,0,-0.533689,0.8787370777525,-11.62315287,-10.7444157922475
"3342",16.7,"m2",1,-0.54852,0,-1.290775,1.337281,0,-1.471739,1.337281,0,-1.471739,1.977168078541,-12.66250275,-10.685334671459
"3362",16.8,"m2",1,-0.389993,0,-1.479053,1.854969,0,-2.157459,1.854969,0,-2.157459,4.047769663821,-14.50950993,-10.461740266179
"3382",16.9,"m2",1,-0.157507,0,-1.705207,2.745834,0,-2.220824,2.745834,0,-2.220824,6.235831797266,-16.72808067,-10.492248872734
"3402",17,"m2",1,0.166169,0,-1.885384,3.574355,0,-1.29919,3.574355,0,-1.29919,7.2319541610625,-18.49561704,-11.2636628789375
"3422",17.1,"m2",1,0.532913,0,-1.922045,3.562694,0,0.471706,3.562694,0,0.471706,6.457647544036,-18.85526145,-12.397613905964
"3442",17.2,"m2",1,0.829821,0,-1.77702,2.322335,0,2.144585,2.322335,0,2.144585,4.996242337225,-17.4325662,-12.436323862775
"3462",17.3,"m2",1,0.963995,0,-1.518731,0.548375,0,2.753276,0.548375,0,2.753276,3.9406219364005,-14.89875111,-10.9581291735995
"3482",17.4,"m2",1,0.942484,0,-1.261397,-0.713634,0,2.311249,-0.713634,0,2.311249,2.9255727129785,-12.37430457,-9.4487318570215
"3502",17.5,"m2",1,0.841724,0,-1.078252,-1.13521,0,1.408976,-1.13521,0,1.408976,1.636957556338,-10.57765212,-8.940694563662
"3522",17.6,"m2",1,0.732323,0,-0.991457,-1.010447,0,0.423719,-1.010447,0,0.423719,0.600270465385,-9.72619317,-9.125922704615
"3542",17.7,"m2",1,0.646125,0,-1.003556,-0.746429,0,-0.568093,-0.746429,0,-0.568093,0.439942954345,-9.84488436,-9.404941405655
"3562",17.8,"m2",1,0.578544,0,-1.114988,-0.665507,0,-1.556256,-0.665507,0,-1.556256,1.4324161522925,-10.93803228,-9.5056161277075
"3582",17.9,"m2",1,0.4975,0,-1.319967,-1.005845,0,-2.415065,-1.005845,0,-2.415065,3.422131559125,-12.94887627,-9.526744710875
"3602",18,"m2",1,0.353261,0,-1.588414,-1.874019,0,-2.795053,-1.874019,0,-2.795053,5.662134242585,-15.58234134,-9.920207097415
"3622",18.1,"m2",1,0.103089,0,-1.843906,-3.006169,0,-2.173632,-3.006169,0,-2.173632,6.8808640639925,-18.08871786,-11.2078537960075
"3642",18.2,"m2",1,-0.237191,0,-1.97058,-3.562871,0,-0.384601,-3.562871,0,-0.384601,6.420983845921,-19.3313898,-12.910405954079
"3662",18.3,"m2",1,-0.562317,0,-1.891669,-2.79346,0,1.681185,-2.79346,0,1.681185,5.3149008879125,-18.55727289,-13.2423720020875
"3682",18.4,"m2",1,-0.754549,0,-1.653752,-1.173006,0,2.745355,-1.173006,0,2.745355,4.4564585760305,-16.22330712,-11.7668485439695
"3702",18.5,"m2",1,-0.793161,0,-1.380456,0.150189,0,2.575377,0.150189,0,2.575377,3.327561713925,-13.54227336,-10.214711646075
"3722",18.6,"m2",1,-0.742217,0,-1.164845,0.690929,0,1.762581,0.690929,0,1.762581,1.792037332301,-11.42712945,-9.635092117699
"3742",18.7,"m2",1,-0.671826,0,-1.042205,0.656167,0,0.780066,0.656167,0,0.780066,0.5195290481225,-10.22403105,-9.7045020018775
"3762",18.8,"m2",1,-0.619549,0,-1.019308,0.405303,0,-0.222741,0.405303,0,-0.222741,0.106942037445,-9.99941148,-9.892469442555
"3782",18.9,"m2",1,-0.590241,0,-1.09683,0.232031,0,-1.22532,0.232031,0,-1.22532,0.7776237436805,-10.7599023,-9.9822785563195
"3802",19,"m2",1,-0.56229,0,-1.271892,0.385198,0,-2.157208,0.385198,0,-2.157208,2.400961927234,-12.47726052,-10.076298592766
"3822",19.1,"m2",1,-0.490996,0,-1.524996,1.068693,0,-2.753239,1.068693,0,-2.753239,4.361214859685,-14.96021076,-10.598995900315
"3842",19.2,"m2",1,-0.323078,0,-1.795676,2.215953,0,-2.498553,2.215953,0,-2.498553,5.576607396009,-17.61558156,-12.038974163991
"3862",19.3,"m2",1,-0.044467,0,-1.97464,3.140965,0,-1.042392,3.140965,0,-1.042392,5.4761211064445,-19.3712184,-13.8950972935555
"3882",19.4,"m2",1,0.270228,0,-1.96671,2.955224,0,0.983352,2.955224,0,0.983352,4.85016502304,-19.2934251,-14.44326007696
"3902",19.5,"m2",1,0.505369,0,-1.786011,1.776787,0,2.304308,1.776787,0,2.304308,4.2334037011165,-17.52076791,-13.2873642088835
"3922",19.6,"m2",1,0.613529,0,-1.539455,0.574444,0,2.43822,0.574444,0,2.43822,3.137451338768,-15.10205355,-11.964602211232
"3942",19.7,"m2",1,0.63053,0,-1.326738,-0.068882,0,1.799212,-0.068882,0,1.799212,1.620954275434,-13.01529978,-11.394345504566
"3962",19.8,"m2",1,0.613131,0,-1.197039,-0.202826,0,0.864949,-0.202826,0,0.864949,0.3946375794385,-11.74295259,-11.3483150105615
"3982",19.9,"m2",1,0.597634,0,-1.165691,-0.102111,0,-0.140894,-0.102111,0,-0.140894,0.0151388877785,-11.43542871,-11.4202898222215
